"task","key","target","fn","expr_index","level","model"
1,"b6cac8619e7f16b3","fit_plain","bnec",35,NA,"nec3param"
2,"b6cac8619e7f16b3","fit_plain","bnec",35,NA,"nec4param"
3,"b6cac8619e7f16b3","fit_plain","bnec",35,NA,"nechorme"
4,"b6cac8619e7f16b3","fit_plain","bnec",35,NA,"nechorme4"
5,"b6cac8619e7f16b3","fit_plain","bnec",35,NA,"ecxexp"
6,"b6cac8619e7f16b3","fit_plain","bnec",35,NA,"ecx4param"
7,"b6cac8619e7f16b3","fit_plain","bnec",35,NA,"ecxwb1"
8,"b6cac8619e7f16b3","fit_plain","bnec",35,NA,"ecxwb2"
9,"b6cac8619e7f16b3","fit_plain","bnec",35,NA,"ecxwb1p3"
10,"b6cac8619e7f16b3","fit_plain","bnec",35,NA,"ecxwb2p3"
11,"b6cac8619e7f16b3","fit_plain","bnec",35,NA,"ecxll5"
12,"b6cac8619e7f16b3","fit_plain","bnec",35,NA,"ecxll4"
13,"b6cac8619e7f16b3","fit_plain","bnec",35,NA,"ecxll3"
14,"b6cac8619e7f16b3","fit_plain","bnec",35,NA,"ecxhormebc4"
15,"b6cac8619e7f16b3","fit_plain","bnec",35,NA,"ecxhormebc5"
16,"aae8afeb09c93c69","fit_ogl","bnec",36,NA,"nec3param"
17,"aae8afeb09c93c69","fit_ogl","bnec",36,NA,"nec4param"
18,"aae8afeb09c93c69","fit_ogl","bnec",36,NA,"nechorme"
19,"aae8afeb09c93c69","fit_ogl","bnec",36,NA,"nechorme4"
20,"aae8afeb09c93c69","fit_ogl","bnec",36,NA,"ecxexp"
21,"aae8afeb09c93c69","fit_ogl","bnec",36,NA,"ecx4param"
22,"aae8afeb09c93c69","fit_ogl","bnec",36,NA,"ecxwb1"
23,"aae8afeb09c93c69","fit_ogl","bnec",36,NA,"ecxwb2"
24,"aae8afeb09c93c69","fit_ogl","bnec",36,NA,"ecxwb1p3"
25,"aae8afeb09c93c69","fit_ogl","bnec",36,NA,"ecxwb2p3"
26,"aae8afeb09c93c69","fit_ogl","bnec",36,NA,"ecxll5"
27,"aae8afeb09c93c69","fit_ogl","bnec",36,NA,"ecxll4"
28,"aae8afeb09c93c69","fit_ogl","bnec",36,NA,"ecxll3"
29,"aae8afeb09c93c69","fit_ogl","bnec",36,NA,"ecxhormebc4"
30,"aae8afeb09c93c69","fit_ogl","bnec",36,NA,"ecxhormebc5"
31,"b2a97918bc2608d7","fit_pooled","bnec",45,NA,"nec3param"
32,"b2a97918bc2608d7","fit_pooled","bnec",45,NA,"nec4param"
33,"b2a97918bc2608d7","fit_pooled","bnec",45,NA,"nechorme"
34,"b2a97918bc2608d7","fit_pooled","bnec",45,NA,"nechorme4"
35,"b2a97918bc2608d7","fit_pooled","bnec",45,NA,"ecxexp"
36,"b2a97918bc2608d7","fit_pooled","bnec",45,NA,"ecx4param"
37,"b2a97918bc2608d7","fit_pooled","bnec",45,NA,"ecxwb1"
38,"b2a97918bc2608d7","fit_pooled","bnec",45,NA,"ecxwb2"
39,"b2a97918bc2608d7","fit_pooled","bnec",45,NA,"ecxwb1p3"
40,"b2a97918bc2608d7","fit_pooled","bnec",45,NA,"ecxwb2p3"
41,"b2a97918bc2608d7","fit_pooled","bnec",45,NA,"ecxll5"
42,"b2a97918bc2608d7","fit_pooled","bnec",45,NA,"ecxll4"
43,"b2a97918bc2608d7","fit_pooled","bnec",45,NA,"ecxll3"
44,"b2a97918bc2608d7","fit_pooled","bnec",45,NA,"ecxhormebc4"
45,"b2a97918bc2608d7","fit_pooled","bnec",45,NA,"ecxhormebc5"
46,"356caf3ec2c38b0c","fit_plate","bnec",46,NA,"nec3param"
47,"356caf3ec2c38b0c","fit_plate","bnec",46,NA,"nec4param"
48,"356caf3ec2c38b0c","fit_plate","bnec",46,NA,"nechorme"
49,"356caf3ec2c38b0c","fit_plate","bnec",46,NA,"nechorme4"
50,"356caf3ec2c38b0c","fit_plate","bnec",46,NA,"ecxexp"
51,"356caf3ec2c38b0c","fit_plate","bnec",46,NA,"ecx4param"
52,"356caf3ec2c38b0c","fit_plate","bnec",46,NA,"ecxwb1"
53,"356caf3ec2c38b0c","fit_plate","bnec",46,NA,"ecxwb2"
54,"356caf3ec2c38b0c","fit_plate","bnec",46,NA,"ecxwb1p3"
55,"356caf3ec2c38b0c","fit_plate","bnec",46,NA,"ecxwb2p3"
56,"356caf3ec2c38b0c","fit_plate","bnec",46,NA,"ecxll5"
57,"356caf3ec2c38b0c","fit_plate","bnec",46,NA,"ecxll4"
58,"356caf3ec2c38b0c","fit_plate","bnec",46,NA,"ecxll3"
59,"356caf3ec2c38b0c","fit_plate","bnec",46,NA,"ecxhormebc4"
60,"356caf3ec2c38b0c","fit_plate","bnec",46,NA,"ecxhormebc5"
61,"cdbabb140b464a71","fit_pam","bnec",55,NA,"nec3param"
62,"cdbabb140b464a71","fit_pam","bnec",55,NA,"nec4param"
63,"cdbabb140b464a71","fit_pam","bnec",55,NA,"nechorme"
64,"cdbabb140b464a71","fit_pam","bnec",55,NA,"nechorme4"
65,"cdbabb140b464a71","fit_pam","bnec",55,NA,"necsigm"
66,"cdbabb140b464a71","fit_pam","bnec",55,NA,"nechormepwr01"
67,"cdbabb140b464a71","fit_pam","bnec",55,NA,"ecxexp"
68,"cdbabb140b464a71","fit_pam","bnec",55,NA,"ecxsigm"
69,"cdbabb140b464a71","fit_pam","bnec",55,NA,"ecx4param"
70,"cdbabb140b464a71","fit_pam","bnec",55,NA,"ecxwb1"
71,"cdbabb140b464a71","fit_pam","bnec",55,NA,"ecxwb2"
72,"cdbabb140b464a71","fit_pam","bnec",55,NA,"ecxwb1p3"
73,"cdbabb140b464a71","fit_pam","bnec",55,NA,"ecxwb2p3"
74,"cdbabb140b464a71","fit_pam","bnec",55,NA,"ecxll5"
75,"cdbabb140b464a71","fit_pam","bnec",55,NA,"ecxll4"
76,"cdbabb140b464a71","fit_pam","bnec",55,NA,"ecxll3"
77,"cdbabb140b464a71","fit_pam","bnec",55,NA,"ecxhormebc4"
78,"cdbabb140b464a71","fit_pam","bnec",55,NA,"ecxhormebc5"
79,"209383f92672d34a","three_par","bnec",58,NA,"ecxll3"
80,"209383f92672d34a","three_par","bnec",58,NA,"ecxwb1p3"
81,"2838aa233cc91e43","four_par","bnec",59,NA,"nec4param"
82,"2838aa233cc91e43","four_par","bnec",59,NA,"ecx4param"
83,"902e20c13374b723","fits_herb","bnec_group",64,"ametryn","nec3param"
84,"902e20c13374b723","fits_herb","bnec_group",64,"ametryn","nec4param"
85,"902e20c13374b723","fits_herb","bnec_group",64,"ametryn","ecxexp"
86,"902e20c13374b723","fits_herb","bnec_group",64,"ametryn","ecx4param"
87,"902e20c13374b723","fits_herb","bnec_group",64,"ametryn","ecxwb1"
88,"902e20c13374b723","fits_herb","bnec_group",64,"ametryn","ecxwb2"
89,"902e20c13374b723","fits_herb","bnec_group",64,"ametryn","ecxwb1p3"
90,"902e20c13374b723","fits_herb","bnec_group",64,"ametryn","ecxwb2p3"
91,"902e20c13374b723","fits_herb","bnec_group",64,"ametryn","ecxll5"
92,"902e20c13374b723","fits_herb","bnec_group",64,"ametryn","ecxll4"
93,"902e20c13374b723","fits_herb","bnec_group",64,"ametryn","ecxll3"
94,"902e20c13374b723","fits_herb","bnec_group",64,"atrazine","nec3param"
95,"902e20c13374b723","fits_herb","bnec_group",64,"atrazine","nec4param"
96,"902e20c13374b723","fits_herb","bnec_group",64,"atrazine","ecxexp"
97,"902e20c13374b723","fits_herb","bnec_group",64,"atrazine","ecx4param"
98,"902e20c13374b723","fits_herb","bnec_group",64,"atrazine","ecxwb1"
99,"902e20c13374b723","fits_herb","bnec_group",64,"atrazine","ecxwb2"
100,"902e20c13374b723","fits_herb","bnec_group",64,"atrazine","ecxwb1p3"
101,"902e20c13374b723","fits_herb","bnec_group",64,"atrazine","ecxwb2p3"
102,"902e20c13374b723","fits_herb","bnec_group",64,"atrazine","ecxll5"
103,"902e20c13374b723","fits_herb","bnec_group",64,"atrazine","ecxll4"
104,"902e20c13374b723","fits_herb","bnec_group",64,"atrazine","ecxll3"
105,"902e20c13374b723","fits_herb","bnec_group",64,"diuron","nec3param"
106,"902e20c13374b723","fits_herb","bnec_group",64,"diuron","nec4param"
107,"902e20c13374b723","fits_herb","bnec_group",64,"diuron","ecxexp"
108,"902e20c13374b723","fits_herb","bnec_group",64,"diuron","ecx4param"
109,"902e20c13374b723","fits_herb","bnec_group",64,"diuron","ecxwb1"
110,"902e20c13374b723","fits_herb","bnec_group",64,"diuron","ecxwb2"
111,"902e20c13374b723","fits_herb","bnec_group",64,"diuron","ecxwb1p3"
112,"902e20c13374b723","fits_herb","bnec_group",64,"diuron","ecxwb2p3"
113,"902e20c13374b723","fits_herb","bnec_group",64,"diuron","ecxll5"
114,"902e20c13374b723","fits_herb","bnec_group",64,"diuron","ecxll4"
115,"902e20c13374b723","fits_herb","bnec_group",64,"diuron","ecxll3"
116,"902e20c13374b723","fits_herb","bnec_group",64,"hexazinone","nec3param"
117,"902e20c13374b723","fits_herb","bnec_group",64,"hexazinone","nec4param"
118,"902e20c13374b723","fits_herb","bnec_group",64,"hexazinone","ecxexp"
119,"902e20c13374b723","fits_herb","bnec_group",64,"hexazinone","ecx4param"
120,"902e20c13374b723","fits_herb","bnec_group",64,"hexazinone","ecxwb1"
121,"902e20c13374b723","fits_herb","bnec_group",64,"hexazinone","ecxwb2"
122,"902e20c13374b723","fits_herb","bnec_group",64,"hexazinone","ecxwb1p3"
123,"902e20c13374b723","fits_herb","bnec_group",64,"hexazinone","ecxwb2p3"
124,"902e20c13374b723","fits_herb","bnec_group",64,"hexazinone","ecxll5"
125,"902e20c13374b723","fits_herb","bnec_group",64,"hexazinone","ecxll4"
126,"902e20c13374b723","fits_herb","bnec_group",64,"hexazinone","ecxll3"
127,"902e20c13374b723","fits_herb","bnec_group",64,"irgarol","nec3param"
128,"902e20c13374b723","fits_herb","bnec_group",64,"irgarol","nec4param"
129,"902e20c13374b723","fits_herb","bnec_group",64,"irgarol","ecxexp"
130,"902e20c13374b723","fits_herb","bnec_group",64,"irgarol","ecx4param"
131,"902e20c13374b723","fits_herb","bnec_group",64,"irgarol","ecxwb1"
132,"902e20c13374b723","fits_herb","bnec_group",64,"irgarol","ecxwb2"
133,"902e20c13374b723","fits_herb","bnec_group",64,"irgarol","ecxwb1p3"
134,"902e20c13374b723","fits_herb","bnec_group",64,"irgarol","ecxwb2p3"
135,"902e20c13374b723","fits_herb","bnec_group",64,"irgarol","ecxll5"
136,"902e20c13374b723","fits_herb","bnec_group",64,"irgarol","ecxll4"
137,"902e20c13374b723","fits_herb","bnec_group",64,"irgarol","ecxll3"
138,"902e20c13374b723","fits_herb","bnec_group",64,"simazine","nec3param"
139,"902e20c13374b723","fits_herb","bnec_group",64,"simazine","nec4param"
140,"902e20c13374b723","fits_herb","bnec_group",64,"simazine","ecxexp"
141,"902e20c13374b723","fits_herb","bnec_group",64,"simazine","ecx4param"
142,"902e20c13374b723","fits_herb","bnec_group",64,"simazine","ecxwb1"
143,"902e20c13374b723","fits_herb","bnec_group",64,"simazine","ecxwb2"
144,"902e20c13374b723","fits_herb","bnec_group",64,"simazine","ecxwb1p3"
145,"902e20c13374b723","fits_herb","bnec_group",64,"simazine","ecxwb2p3"
146,"902e20c13374b723","fits_herb","bnec_group",64,"simazine","ecxll5"
147,"902e20c13374b723","fits_herb","bnec_group",64,"simazine","ecxll4"
148,"902e20c13374b723","fits_herb","bnec_group",64,"simazine","ecxll3"
149,"902e20c13374b723","fits_herb","bnec_group",64,"tebuthiuron","nec3param"
150,"902e20c13374b723","fits_herb","bnec_group",64,"tebuthiuron","nec4param"
151,"902e20c13374b723","fits_herb","bnec_group",64,"tebuthiuron","ecxexp"
152,"902e20c13374b723","fits_herb","bnec_group",64,"tebuthiuron","ecx4param"
153,"902e20c13374b723","fits_herb","bnec_group",64,"tebuthiuron","ecxwb1"
154,"902e20c13374b723","fits_herb","bnec_group",64,"tebuthiuron","ecxwb2"
155,"902e20c13374b723","fits_herb","bnec_group",64,"tebuthiuron","ecxwb1p3"
156,"902e20c13374b723","fits_herb","bnec_group",64,"tebuthiuron","ecxwb2p3"
157,"902e20c13374b723","fits_herb","bnec_group",64,"tebuthiuron","ecxll5"
158,"902e20c13374b723","fits_herb","bnec_group",64,"tebuthiuron","ecxll4"
159,"902e20c13374b723","fits_herb","bnec_group",64,"tebuthiuron","ecxll3"
160,"5f4a2b9e995a306c","fits_tox","bnec_group",70,"Cu","nec3param"
161,"5f4a2b9e995a306c","fits_tox","bnec_group",70,"Cu","nec4param"
162,"5f4a2b9e995a306c","fits_tox","bnec_group",70,"Cu","nechorme"
163,"5f4a2b9e995a306c","fits_tox","bnec_group",70,"Cu","nechorme4"
164,"5f4a2b9e995a306c","fits_tox","bnec_group",70,"Cu","ecxexp"
165,"5f4a2b9e995a306c","fits_tox","bnec_group",70,"Cu","ecx4param"
166,"5f4a2b9e995a306c","fits_tox","bnec_group",70,"Cu","ecxwb1"
167,"5f4a2b9e995a306c","fits_tox","bnec_group",70,"Cu","ecxwb2"
168,"5f4a2b9e995a306c","fits_tox","bnec_group",70,"Cu","ecxwb1p3"
169,"5f4a2b9e995a306c","fits_tox","bnec_group",70,"Cu","ecxwb2p3"
170,"5f4a2b9e995a306c","fits_tox","bnec_group",70,"Cu","ecxll5"
171,"5f4a2b9e995a306c","fits_tox","bnec_group",70,"Cu","ecxll4"
172,"5f4a2b9e995a306c","fits_tox","bnec_group",70,"Cu","ecxll3"
173,"5f4a2b9e995a306c","fits_tox","bnec_group",70,"Cu","ecxhormebc4"
174,"5f4a2b9e995a306c","fits_tox","bnec_group",70,"Cu","ecxhormebc5"
175,"5f4a2b9e995a306c","fits_tox","bnec_group",70,"Zn","nec3param"
176,"5f4a2b9e995a306c","fits_tox","bnec_group",70,"Zn","nec4param"
177,"5f4a2b9e995a306c","fits_tox","bnec_group",70,"Zn","nechorme"
178,"5f4a2b9e995a306c","fits_tox","bnec_group",70,"Zn","nechorme4"
179,"5f4a2b9e995a306c","fits_tox","bnec_group",70,"Zn","ecxexp"
180,"5f4a2b9e995a306c","fits_tox","bnec_group",70,"Zn","ecx4param"
181,"5f4a2b9e995a306c","fits_tox","bnec_group",70,"Zn","ecxwb1"
182,"5f4a2b9e995a306c","fits_tox","bnec_group",70,"Zn","ecxwb2"
183,"5f4a2b9e995a306c","fits_tox","bnec_group",70,"Zn","ecxwb1p3"
184,"5f4a2b9e995a306c","fits_tox","bnec_group",70,"Zn","ecxwb2p3"
185,"5f4a2b9e995a306c","fits_tox","bnec_group",70,"Zn","ecxll5"
186,"5f4a2b9e995a306c","fits_tox","bnec_group",70,"Zn","ecxll4"
187,"5f4a2b9e995a306c","fits_tox","bnec_group",70,"Zn","ecxll3"
188,"5f4a2b9e995a306c","fits_tox","bnec_group",70,"Zn","ecxhormebc4"
189,"5f4a2b9e995a306c","fits_tox","bnec_group",70,"Zn","ecxhormebc5"
